week,time.index,dsp_tv.volume,dsp_tv.spend,dsp_search.clicks,dsp_search.imps,dsp_search.matching.query.volume,dsp_search.query.volume,dsp_search.spend,dsp_programmatic.volume,dsp_programmatic.spend,dsp_social.volume,dsp_social.spend,dsp_olv.volume,dsp_olv.spend,dsp_directmail.volume,dsp_directmail.spend,dsp_dooh.volume,dsp_dooh.spend,dsp_billboard.volume,dsp_billboard.spend,total.spend,brand.sales,competitor.sales,revenue,profit,dsp_tv.budget.index,dsp_tv.budget,dsp_search.budget.index,dsp_search.budget,dsp_programmatic.budget.index,dsp_programmatic.budget,dsp_social.budget.index,dsp_social.budget,dsp_olv.budget.index,dsp_olv.budget,dsp_directmail.budget.index,dsp_directmail.budget,dsp_dooh.budget.index,dsp_dooh.budget,dsp_billboard.budget.index,dsp_billboard.budget
1,53,0,0,0,0,4764432,21173199,0,0,0,57696049,173076.9231,0,0,33661490,269230.7692,28840699,173076.9231,20597375,144230.7692,759615.3846,2005041,10692245,160403280,159643664.6,2,47500000,2,1.2e+07,2,2e+07,2,9e+06,2,27500000,2,1.4e+07,2,9e+06,2,7500000
2,54,429206124,2146076.516,355043,4499643,4499643,20008261,390547.3,451859686,903611.1648,57702040,173076.9231,310626695,1242465.352,33653757,269230.7692,28838064,173076.9231,20595012,144230.7692,5442315.718,2743823,11307277,219505840,214063524.3,2,47500000,2,1.2e+07,2,2e+07,2,9e+06,2,27500000,2,1.4e+07,2,9e+06,2,7500000
3,55,0,0,264879,3496938,3496938,15543888,291366.9,0,0,57687317,173076.9231,0,0,33665076,269230.7692,28843720,173076.9231,20598581,144230.7692,1050982.285,1408432,7508812,112674560,111623577.7,2,47500000,2,1.2e+07,2,2e+07,2,9e+06,2,27500000,2,1.4e+07,2,9e+06,2,7500000
4,56,249732614,1248641.648,314857,4054369,4054369,18013554,346342.7,262882556,525743.8517,57684169,173076.9231,180713057,722897.796,33644728,269230.7692,28851521,173076.9231,20601767,144230.7692,3603241.38,2295260,9861656,183620800,180017558.6,2,47500000,2,1.2e+07,2,2e+07,2,9e+06,2,27500000,2,1.4e+07,2,9e+06,2,7500000
5,57,0,0,329589,4224253,4224253,18767103,362547.9,0,0,57690335,173076.9231,0,0,33653660,269230.7692,28845254,173076.9231,20604022,144230.7692,1122163.285,1758101,9363719,140648080,139525916.7,2,47500000,2,1.2e+07,2,2e+07,2,9e+06,2,27500000,2,1.4e+07,2,9e+06,2,7500000
6,58,748870941,3744597.99,313778,4039347,4039347,17955664,345155.8,788364280,1576672.838,57677889,173076.9231,541989582,2167925.152,33647603,269230.7692,28841891,173076.9231,20602168,144230.7692,8593967.165,2521875,10091281,201750000,193156032.8,2,47500000,2,1.2e+07,2,2e+07,2,9e+06,2,27500000,2,1.4e+07,2,9e+06,2,7500000
7,59,0,0,341853,4360029,4360029,19384042,376038.3,0,0,57691792,173076.9231,0,0,33645413,269230.7692,28854249,173076.9231,20597516,144230.7692,1135653.685,1820186,9714017,145614880,144479226.3,2,47500000,2,1.2e+07,2,2e+07,2,9e+06,2,27500000,2,1.4e+07,2,9e+06,2,7500000
8,60,0,0,286420,3738639,3738639,16615312,315062,0,0,57700197,173076.9231,0,0,33659956,269230.7692,28852196,173076.9231,20602534,144230.7692,1074677.385,1522923,8133511,121833840,120759162.6,2,47500000,2,1.2e+07,2,2e+07,2,9e+06,2,27500000,2,1.4e+07,2,9e+06,2,7500000
9,61,391575336,1957951.152,310917,4022983,4022983,17864496,342008.7,412240311,824400.4852,57688687,173076.9231,283362378,1133550.667,33648234,269230.7692,28849457,173076.9231,20604287,144230.7692,5017526.389,2384781,9907079,190782480,185764953.6,2,47500000,2,1.2e+07,2,2e+07,2,9e+06,2,27500000,2,1.4e+07,2,9e+06,2,7500000
10,62,0,0,305521,3958833,3958833,17616339,336073.1,0,0,57696111,173076.9231,0,0,33649335,269230.7692,28848353,173076.9231,20605077,144230.7692,1095688.485,1631527,8699659,130522160,129426471.5,2,47500000,2,1.2e+07,2,2e+07,2,9e+06,2,27500000,2,1.4e+07,2,9e+06,2,7500000
11,63,271540976,1357771.988,264982,3491521,3491521,15537197,291480.2,285871642,571693.4686,57692272,173076.9231,196528348,786078.5193,33667455,269230.7692,28848734,173076.9231,20603171,144230.7692,3766639.56,1947908,8322462,155832640,152066000.4,2,47500000,2,1.2e+07,2,2e+07,2,9e+06,2,27500000,2,1.4e+07,2,9e+06,2,7500000
12,64,0,0,264155,3488751,3488751,15511305,290570.5,0,0,57676447,173076.9231,0,0,33659427,269230.7692,28847029,173076.9231,20611248,144230.7692,1050185.885,1404894,7496928,112391520,111341334.1,2,47500000,2,1.2e+07,2,2e+07,2,9e+06,2,27500000,2,1.4e+07,2,9e+06,2,7500000
13,65,0,0,0,0,3484422,15474016,0,0,0,57694464,173076.9231,0,0,33661484,269230.7692,28836962,173076.9231,20603940,144230.7692,759615.3846,1394087,7440406,111526960,110767344.6,2,47500000,2,1.2e+07,2,2e+07,2,9e+06,2,27500000,2,1.4e+07,2,9e+06,2,7500000
14,66,15758911,78783.61262,0,0,3145273,13982841,0,16584553,33172.04742,57693712,173076.9231,11400685,45611.5652,33658279,269230.7692,28851920,173076.9231,20614466,144230.7692,917182.6098,1285576,6685905,102846080,101928897.4,2,47500000,2,1.2e+07,2,2e+07,2,9e+06,2,27500000,2,1.4e+07,2,9e+06,2,7500000
15,67,0,0,194019,2700136,2700136,11992871,213420.9,0,0,57701666,173076.9231,0,0,33651879,269230.7692,28858908,173076.9231,20606999,144230.7692,973036.2846,1025064,5472979,82005120,81032083.72,2,47500000,2,1.2e+07,2,2e+07,2,9e+06,2,27500000,2,1.4e+07,2,9e+06,2,7500000
16,68,0,0,204432,2815098,2815098,12520851,224875.2,0,0,57697404,173076.9231,0,0,33651985,269230.7692,28854689,173076.9231,20601993,144230.7692,984490.5846,1082674,5785249,86613920,85629429.42,2,47500000,2,1.2e+07,2,2e+07,2,9e+06,2,27500000,2,1.4e+07,2,9e+06,2,7500000
17,69,0,0,203830,2814319,2814319,12499370,224213,0,0,57686670,173076.9231,0,0,33652451,269230.7692,28843972,173076.9231,20613821,144230.7692,983828.3846,1080973,5764713,86477840,85494011.62,2,47500000,2,1.2e+07,2,2e+07,2,9e+06,2,27500000,2,1.4e+07,2,9e+06,2,7500000
18,70,160654387,803266.6738,181418,2548498,2548498,11316523,199559.8,169138375,338217.5469,57689935,173076.9231,116260995,465049.1269,33653529,269230.7692,28837740,173076.9231,20605125,144230.7692,2565708.532,1229612,5533316,98368960,95803251.47,2,47500000,2,1.2e+07,2,2e+07,2,9e+06,2,27500000,2,1.4e+07,2,9e+06,2,7500000
19,71,0,0,155588,2263904,2263904,10073108,171146.8,0,0,57703190,173076.9231,0,0,33651423,269230.7692,28844457,173076.9231,20605037,144230.7692,930762.1846,821747,4378298,65739760,64808997.82,2,47500000,2,1.2e+07,2,2e+07,2,9e+06,2,27500000,2,1.4e+07,2,9e+06,2,7500000
20,72,0,0,171186,2437142,2437142,10829637,188304.6,0,0,57685942,173076.9231,0,0,33652147,269230.7692,28850035,173076.9231,20607800,144230.7692,947919.9846,900944,4812291,72075520,71127600.02,2,47500000,2,1.2e+07,2,2e+07,2,9e+06,2,27500000,2,1.4e+07,2,9e+06,2,7500000
21,73,148191839,740967.5673,169556,2428039,2428039,10788675,186511.6,155991381,311986.3441,57695329,173076.9231,107231164,428981.2232,33653076,269230.7692,28843738,173076.9231,20606989,144230.7692,2428062.119,1142483,5186231,91398640,88970577.88,2,47500000,2,1.2e+07,2,2e+07,2,9e+06,2,27500000,2,1.4e+07,2,9e+06,2,7500000
22,74,0,0,157651,2287667,2287667,10161575,173416.1,0,0,57700617,173076.9231,0,0,33646983,269230.7692,28847662,173076.9231,20600974,144230.7692,933031.4846,831640,4434428,66531200,65598168.52,2,47500000,2,1.2e+07,2,2e+07,2,9e+06,2,27500000,2,1.4e+07,2,9e+06,2,7500000
23,75,0,0,137842,2052398,2052398,9117036,151626.2,0,0,57702636,173076.9231,0,0,33653743,269230.7692,28847731,173076.9231,20605409,144230.7692,911241.5846,720106,3833131,57608480,56697238.42,2,47500000,2,1.2e+07,2,2e+07,2,9e+06,2,27500000,2,1.4e+07,2,9e+06,2,7500000
24,76,339071035,1695379.866,124215,1913836,1913836,8508810,136636.5,356935637,713844.1542,57697784,173076.9231,245372010,981535.712,33656908,269230.7692,28842624,173076.9231,20605902,144230.7692,4287011.617,926609,3890390,74128720,69841708.38,2,47500000,2,1.2e+07,2,2e+07,2,9e+06,2,27500000,2,1.4e+07,2,9e+06,2,7500000
25,77,0,0,126895,1942144,1942144,8621530,139584.5,0,0,57691234,173076.9231,0,0,33667296,269230.7692,28851088,173076.9231,20603680,144230.7692,899199.8846,666283,3548071,53302640,52403440.12,2,47500000,2,1.2e+07,2,2e+07,2,9e+06,2,27500000,2,1.4e+07,2,9e+06,2,7500000
26,78,30877448,154347.1399,0,0,2088692,9285469,0,32493462,64988.26942,57695179,173076.9231,22344297,89358.87045,33654023,269230.7692,28844606,173076.9231,20597572,144230.7692,1068309.664,790811,4018352,63264880,62196570.34,2,47500000,2,1.2e+07,2,2e+07,2,9e+06,2,27500000,2,1.4e+07,2,9e+06,2,7500000
27,79,0,0,0,0,2226149,9906323,0,0,0,57674530,173076.9231,0,0,33648928,269230.7692,28834248,173076.9231,20605860,144230.7692,759615.3846,796683,4263351,63734640,62975024.62,2,47500000,2,1.2e+07,2,2e+07,2,9e+06,2,27500000,2,1.4e+07,2,9e+06,2,7500000
28,80,1011430158,5057152.655,153164,2231135,2231135,9917877,168480.4,1064664316,2129327.434,57686670,173076.9231,731989100,2927825.221,33653959,269230.7692,28838671,173076.9231,20603712,144230.7692,11042401.09,1235603,4885733,98848240,87805838.91,2,47500000,2,1.2e+07,2,2e+07,2,9e+06,2,27500000,2,1.4e+07,2,9e+06,2,7500000
29,81,0,0,167998,2400224,2400224,10671940,184797.8,0,0,57702792,173076.9231,0,0,33651483,269230.7692,28840718,173076.9231,20606649,144230.7692,944413.1846,884757,4719844,70780560,69836146.82,2,47500000,2,1.2e+07,2,2e+07,2,9e+06,2,27500000,2,1.4e+07,2,9e+06,2,7500000
30,82,120051655,600353.491,149996,2198327,2198327,9779049,164995.6,126375514,252780.4173,57688374,173076.9231,86888013,347573.0737,33662390,269230.7692,28842834,173076.9231,20599361,144230.7692,2125317.967,977725,4519827,78218000,76092682.03,2,47500000,2,1.2e+07,2,2e+07,2,9e+06,2,27500000,2,1.4e+07,2,9e+06,2,7500000
31,83,0,0,130327,1983591,1983591,8811857,143359.7,0,0,57698169,173076.9231,0,0,33655807,269230.7692,28845187,173076.9231,20605012,144230.7692,902975.0846,684777,3661608,54782160,53879184.92,2,47500000,2,1.2e+07,2,2e+07,2,9e+06,2,27500000,2,1.4e+07,2,9e+06,2,7500000
32,84,0,0,175801,2485533,2485533,11047696,193381.1,0,0,57704453,173076.9231,0,0,33654540,269230.7692,28840509,173076.9231,20602131,144230.7692,952996.4846,924228,4939505,73938240,72985243.52,2,47500000,2,1.2e+07,2,2e+07,2,9e+06,2,27500000,2,1.4e+07,2,9e+06,2,7500000
33,85,675095173,3375265.924,179269,2529111,2529111,11243291,197195.9,710589441,1421164.599,57691804,173076.9231,488555221,1954101.324,33653005,269230.7692,28838791,173076.9231,20594690,144230.7692,7707343.132,1422380,5711937,113790400,106083056.9,2,47500000,2,1.2e+07,2,2e+07,2,9e+06,2,27500000,2,1.4e+07,2,9e+06,2,7500000
34,86,0,0,158067,2285266,2285266,10153511,173873.7,0,0,57704413,173076.9231,0,0,33653964,269230.7692,28844102,173076.9231,20601460,144230.7692,933489.0846,829104,4430838,66328320,65394830.92,2,47500000,2,1.2e+07,2,2e+07,2,9e+06,2,27500000,2,1.4e+07,2,9e+06,2,7500000
35,87,433847587,2169220.35,189577,2647476,2647476,11762059,208534.7,456714086,913355.937,57687370,173076.9231,313990854,1255864.413,33660528,269230.7692,28845058,173076.9231,20608040,144230.7692,5306590.785,1457024,5997968,116561920,111255329.2,2,47500000,2,1.2e+07,2,2e+07,2,9e+06,2,27500000,2,1.4e+07,2,9e+06,2,7500000
36,88,0,0,226095,3062984,3062984,13611368,248704.5,0,0,57681686,173076.9231,0,0,33656169,269230.7692,28849143,173076.9231,20608353,144230.7692,1008319.885,1200197,6407755,96015760,95007440.12,2,47500000,2,1.2e+07,2,2e+07,2,9e+06,2,27500000,2,1.4e+07,2,9e+06,2,7500000
37,89,1139751110,5698617.69,261419,3460501,3460501,15386193,287560.9,1199750909,2399417.975,57687947,173076.9231,824832146,3299199.715,33654653,269230.7692,28848440,173076.9231,20603187,144230.7692,12444411.66,2148636,8476312,171890880,159446468.3,2,47500000,2,1.2e+07,2,2e+07,2,9e+06,2,27500000,2,1.4e+07,2,9e+06,2,7500000
38,90,0,0,268296,3536272,3536272,15711914,295125.6,0,0,57686091,173076.9231,0,0,33643774,269230.7692,28847114,173076.9231,20611664,144230.7692,1054740.985,1424135,7607655,113930800,112876059,2,47500000,2,1.2e+07,2,2e+07,2,9e+06,2,27500000,2,1.4e+07,2,9e+06,2,7500000
39,91,667182403,3336044.878,0,0,3448756,15333004,0,702336763,1404650.475,57692160,173076.9231,482827445,1931394.403,33654437,269230.7692,28844708,173076.9231,20608953,144230.7692,7431705.142,2068217,8341209,165457360,158025654.9,2,47500000,2,1.2e+07,2,2e+07,2,9e+06,2,27500000,2,1.4e+07,2,9e+06,2,7500000
40,92,0,0,0,0,2952885,13127275,0,0,0,57691501,173076.9231,0,0,33655541,269230.7692,28846343,173076.9231,20606080,144230.7692,759615.3846,1143672,6099428,91493760,90734144.62,2,47500000,2,1.2e+07,2,2e+07,2,9e+06,2,27500000,2,1.4e+07,2,9e+06,2,7500000
41,93,936419163,4682433.7,246558,3295509,3295509,14651822,271213.8,985772694,1971551.031,57711089,173076.9231,677759462,2710882.668,33648335,269230.7692,28846998,173076.9231,20606714,144230.7692,10395696.58,2004339,7972017,160347120,149951423.4,2,47500000,2,1.2e+07,2,2e+07,2,9e+06,2,27500000,2,1.4e+07,2,9e+06,2,7500000
42,94,0,0,203306,2810529,2810529,12496132,223636.6,0,0,57690489,173076.9231,0,0,33654853,269230.7692,28843401,173076.9231,20600513,144230.7692,983251.9846,1079452,5767497,86356160,85372908.02,2,47500000,2,1.2e+07,2,2e+07,2,9e+06,2,27500000,2,1.4e+07,2,9e+06,2,7500000
43,95,0,0,272638,3593649,3593649,15967009,299901.8,0,0,57697041,173076.9231,0,0,33656234,269230.7692,28840117,173076.9231,20600365,144230.7692,1059517.185,1453498,7756522,116279840,115220322.8,2,47500000,2,1.2e+07,2,2e+07,2,9e+06,2,27500000,2,1.4e+07,2,9e+06,2,7500000
44,96,0,0,316927,4072587,4072587,18092516,348619.7,0,0,57674868,173076.9231,0,0,33662546,269230.7692,28852309,173076.9231,20604290,144230.7692,1108235.085,1683928,8977518,134714240,133606004.9,2,47500000,2,1.2e+07,2,2e+07,2,9e+06,2,27500000,2,1.4e+07,2,9e+06,2,7500000
45,97,285714595,1428557.731,300500,3890975,3890975,17288636,330550,300731720,601497.9919,57693307,173076.9231,206762185,827059.7388,33647686,269230.7692,28840790,173076.9231,20603010,144230.7692,3947280.846,2221460,9447818,177716800,173769519.2,2,47500000,2,1.2e+07,2,2e+07,2,9e+06,2,27500000,2,1.4e+07,2,9e+06,2,7500000
46,98,0,0,330948,4234025,4234025,18806851,364042.8,0,0,57692116,173076.9231,0,0,33651468,269230.7692,28859235,173076.9231,20603803,144230.7692,1123658.185,1761594,9388208,140927520,139803861.8,2,47500000,2,1.2e+07,2,2e+07,2,9e+06,2,27500000,2,1.4e+07,2,9e+06,2,7500000
47,99,669495897,3347375.607,317027,4080490,4080490,18144794,348729.7,704727764,1409421.308,57700417,173076.9231,484492486,1937954.299,33658958,269230.7692,28848560,173076.9231,20600519,144230.7692,7803096.299,2534615,10197522,202769200,194966103.7,2,47500000,2,1.2e+07,2,2e+07,2,9e+06,2,27500000,2,1.4e+07,2,9e+06,2,7500000
48,100,0,0,350090,4463006,4463006,19835722,385099,0,0,57687009,173076.9231,0,0,33649917,269230.7692,28848151,173076.9231,20610831,144230.7692,1144714.385,1872070,9979015,149765600,148620885.6,2,47500000,2,1.2e+07,2,2e+07,2,9e+06,2,27500000,2,1.4e+07,2,9e+06,2,7500000
49,101,156689801,783445.0005,349222,4437407,4437407,19725230,384144.2,164946435,329871.5791,57684914,173076.9231,113401088,453573.4213,33660475,269230.7692,28853619,173076.9231,20603512,144230.7692,2710649.586,2390088,10759907,191207040,188496390.4,2,47500000,2,1.2e+07,2,2e+07,2,9e+06,2,27500000,2,1.4e+07,2,9e+06,2,7500000
50,102,0,0,330129,4221236,4221236,18756374,363141.9,0,0,57696839,173076.9231,0,0,33651055,269230.7692,28838604,173076.9231,20603315,144230.7692,1122757.285,1754272,9356206,140341760,139219002.7,2,47500000,2,1.2e+07,2,2e+07,2,9e+06,2,27500000,2,1.4e+07,2,9e+06,2,7500000
51,103,618749090,3093748.819,388564,4887006,4887006,21708746,427420.4,651334973,1302631.082,57699335,173076.9231,447789941,1791117.738,33654920,269230.7692,28838335,173076.9231,20609519,144230.7692,7374533.424,3097449,12497389,247795920,240421386.6,2,47500000,2,1.2e+07,2,2e+07,2,9e+06,2,27500000,2,1.4e+07,2,9e+06,2,7500000
52,104,0,0,0,0,4759670,21146012,0,0,0,57685937,173076.9231,0,0,33648843,269230.7692,28843666,173076.9231,20605815,144230.7692,759615.3846,2001524,10681035,160121920,159362304.6,2,47500000,2,1.2e+07,2,2e+07,2,9e+06,2,27500000,2,1.4e+07,2,9e+06,2,7500000
53,105,742905459,3714520.904,0,0,6804061,20160497,0,795977887,1591937.53,86555410,259615.3846,552723404,2211024.347,31252709,250000,27241220,163461.5385,19234708,134615.3846,8325175.089,2929354,11616390,234348320,226023144.9,3,4.2e+07,3,1.8e+07,3,1.8e+07,3,13500000,3,2.5e+07,3,1.3e+07,3,8500000,3,7e+06
54,106,0,0,475140,6114748,6114748,18113396,522654,0,0,86557295,259615.3846,0,0,31250876,250000,27246357,163461.5385,19221218,134615.3846,1330346.308,1727429,9092521,138194320,136863973.7,3,4.2e+07,3,1.8e+07,3,1.8e+07,3,13500000,3,2.5e+07,3,1.3e+07,3,8500000,3,7e+06
55,107,487890291,2439406.672,561459,7088376,7088376,21017479,617604.9,522727031,1045460.002,86540137,259615.3846,362981276,1452027.781,31257818,250000,27250630,163461.5385,19231071,134615.3846,6362191.663,2998834,12136126,239906720,233544528.3,3,4.2e+07,3,1.8e+07,3,1.8e+07,3,13500000,3,2.5e+07,3,1.3e+07,3,8500000,3,7e+06
56,108,0,0,571934,7212856,7212856,21363372,629127.4,0,0,86530906,259615.3846,0,0,31253290,250000,27242135,163461.5385,19228752,134615.3846,1436819.708,2087087,10987412,166966960,165530140.3,3,4.2e+07,3,1.8e+07,3,1.8e+07,3,13500000,3,2.5e+07,3,1.3e+07,3,8500000,3,7e+06
57,109,0,0,569120,7175455,7175455,21259541,626032,0,0,86539729,259615.3846,0,0,31253359,250000,27244048,163461.5385,19227532,134615.3846,1433724.308,2074336,10926439,165946880,164513155.7,3,4.2e+07,3,1.8e+07,3,1.8e+07,3,13500000,3,2.5e+07,3,1.3e+07,3,8500000,3,7e+06
58,110,0,0,524254,6667914,6667914,19761673,576679.4,0,0,86539343,259615.3846,0,0,31237270,250000,27251627,163461.5385,19233179,134615.3846,1384371.708,1911322,10058012,152905760,151521388.3,3,4.2e+07,3,1.8e+07,3,1.8e+07,3,13500000,3,2.5e+07,3,1.3e+07,3,8500000,3,7e+06
59,111,0,0,459318,5932192,5932192,17582244,505249.8,0,0,86536963,259615.3846,0,0,31259245,250000,27241946,163461.5385,19230972,134615.3846,1312942.108,1669481,8786271,133558480,132245537.9,3,4.2e+07,3,1.8e+07,3,1.8e+07,3,13500000,3,2.5e+07,3,1.3e+07,3,8500000,3,7e+06
60,112,708874232,3544400.3,516034,6585368,6585368,19514158,567637.4,759506857,1519028.7,86531733,259615.3846,527392869,2109762.083,31250289,250000,27240005,163461.5385,19233466,134615.3846,8548520.791,2826340,11230966,226107200,217558679.2,3,4.2e+07,3,1.8e+07,3,1.8e+07,3,13500000,3,2.5e+07,3,1.3e+07,3,8500000,3,7e+06
61,113,0,0,456181,5911664,5911664,17514272,501799.1,0,0,86542547,259615.3846,0,0,31239045,250000,27242146,163461.5385,19230757,134615.3846,1309491.408,1662185,8750663,132974800,131665308.6,3,4.2e+07,3,1.8e+07,3,1.8e+07,3,13500000,3,2.5e+07,3,1.3e+07,3,8500000,3,7e+06
62,114,0,0,454043,5890016,5890016,17450496,499447.3,0,0,86541010,259615.3846,0,0,31254420,250000,27243130,163461.5385,19225996,134615.3846,1307139.608,1654558,8710205,132364640,131057500.4,3,4.2e+07,3,1.8e+07,3,1.8e+07,3,13500000,3,2.5e+07,3,1.3e+07,3,8500000,3,7e+06
63,115,0,0,460362,5956804,5956804,17651943,506398.2,0,0,86540122,259615.3846,0,0,31250570,250000,27236930,163461.5385,19228568,134615.3846,1314090.508,1673251,8823214,133860080,132545989.5,3,4.2e+07,3,1.8e+07,3,1.8e+07,3,13500000,3,2.5e+07,3,1.3e+07,3,8500000,3,7e+06
64,116,0,0,436105,5664866,5664866,16785182,479715.5,0,0,86532970,259615.3846,0,0,31245347,250000,27241135,163461.5385,19234823,134615.3846,1287407.808,1579660,8325465,126372800,125085392.2,3,4.2e+07,3,1.8e+07,3,1.8e+07,3,13500000,3,2.5e+07,3,1.3e+07,3,8500000,3,7e+06
65,117,402379884,2011948.015,0,0,5375183,15931214,0,431141629,862263.4348,86534064,259615.3846,299385238,1197588.104,31251299,250000,27240912,163461.5385,19239095,134615.3846,4879491.861,2132954,8727798,170636320,165756828.1,3,4.2e+07,3,1.8e+07,3,1.8e+07,3,13500000,3,2.5e+07,3,1.3e+07,3,8500000,3,7e+06
66,118,0,0,0,0,5334434,15797860,0,0,0,86545260,259615.3846,0,0,31254884,250000,27241608,163461.5385,19225087,134615.3846,807692.3077,1465800,7706777,117264000,116456307.7,3,4.2e+07,3,1.8e+07,3,1.8e+07,3,13500000,3,2.5e+07,3,1.3e+07,3,8500000,3,7e+06
67,119,0,0,339537,4588353,4588353,13598741,373490.7,0,0,86542875,259615.3846,0,0,31248290,250000,27244422,163461.5385,19234890,134615.3846,1181183.008,1227686,6477801,98214880,97033696.99,3,4.2e+07,3,1.8e+07,3,1.8e+07,3,13500000,3,2.5e+07,3,1.3e+07,3,8500000,3,7e+06
68,120,77778846,388893.2234,271044,3822174,3822174,11322566,298148.4,83323754,166668.5243,86529970,259615.3846,57867927,231484.0616,31245243,250000,27245324,163461.5385,19235317,134615.3846,1892886.517,1147277,5445984,91782160,89889273.48,3,4.2e+07,3,1.8e+07,3,1.8e+07,3,13500000,3,2.5e+07,3,1.3e+07,3,8500000,3,7e+06
69,121,0,0,302417,4173271,4173271,12365729,332658.7,0,0,86535747,259615.3846,0,0,31252778,250000,27250897,163461.5385,19230479,134615.3846,1140351.008,1093169,5758598,87453520,86313168.99,3,4.2e+07,3,1.8e+07,3,1.8e+07,3,13500000,3,2.5e+07,3,1.3e+07,3,8500000,3,7e+06
70,122,0,0,289299,4022272,4022272,11923062,318228.9,0,0,86541699,259615.3846,0,0,31259856,250000,27243845,163461.5385,19228899,134615.3846,1125921.208,1044453,5501018,83556240,82430318.79,3,4.2e+07,3,1.8e+07,3,1.8e+07,3,13500000,3,2.5e+07,3,1.3e+07,3,8500000,3,7e+06
71,123,51664053,258309.9845,231929,3373019,3373019,9998154,255121.9,55348785,110704.2791,86516783,259615.3846,38437873,153755.9431,31257175,250000,27244896,163461.5385,19224005,134615.3846,1585584.414,934607,4569920,74768560,73182975.59,3,4.2e+07,3,1.8e+07,3,1.8e+07,3,13500000,3,2.5e+07,3,1.3e+07,3,8500000,3,7e+06
72,124,0,0,259512,3687244,3687244,10925247,285463.2,0,0,86553254,259615.3846,0,0,31255094,250000,27250134,163461.5385,19231009,134615.3846,1093155.508,935072,4929056,74805760,73712604.49,3,4.2e+07,3,1.8e+07,3,1.8e+07,3,13500000,3,2.5e+07,3,1.3e+07,3,8500000,3,7e+06
73,125,172312272,861512.9976,224519,3286860,3286860,9738047,246970.9,184597177,369219.8561,86529870,259615.3846,128213161,512805.3557,31247261,250000,27242735,163461.5385,19231123,134615.3846,2798201.417,1048049,4627581,83843920,81045718.58,3,4.2e+07,3,1.8e+07,3,1.8e+07,3,13500000,3,2.5e+07,3,1.3e+07,3,8500000,3,7e+06
74,126,0,0,204951,3065392,3065392,9084494,225446.1,0,0,86540576,259615.3846,0,0,31245495,250000,27234340,163461.5385,19236167,134615.3846,1033138.408,733580,3865447,58686400,57653261.59,3,4.2e+07,3,1.8e+07,3,1.8e+07,3,13500000,3,2.5e+07,3,1.3e+07,3,8500000,3,7e+06
75,127,0,0,218994,3237477,3237477,9586231,240893.4,0,0,86551452,259615.3846,0,0,31252972,250000,27247543,163461.5385,19228145,134615.3846,1048585.708,786315,4151440,62905200,61856614.29,3,4.2e+07,3,1.8e+07,3,1.8e+07,3,13500000,3,2.5e+07,3,1.3e+07,3,8500000,3,7e+06
76,128,0,0,255295,3637127,3637127,10778470,280824.5,0,0,86543749,259615.3846,0,0,31246374,250000,27245571,163461.5385,19228685,134615.3846,1088516.808,920616,4845936,73649280,72560763.19,3,4.2e+07,3,1.8e+07,3,1.8e+07,3,13500000,3,2.5e+07,3,1.3e+07,3,8500000,3,7e+06
77,129,0,0,181600,2806012,2806012,8316387,199760,0,0,86552751,259615.3846,0,0,31257702,250000,27253119,163461.5385,19228104,134615.3846,1007452.308,648995,3416756,51919600,50912147.69,3,4.2e+07,3,1.8e+07,3,1.8e+07,3,13500000,3,2.5e+07,3,1.3e+07,3,8500000,3,7e+06
78,130,0,0,0,0,3200999,9471350,0,0,0,86527672,259615.3846,0,0,31248601,250000,27240005,163461.5385,19229625,134615.3846,807692.3077,769642,4063439,61571360,60763667.69,3,4.2e+07,3,1.8e+07,3,1.8e+07,3,13500000,3,2.5e+07,3,1.3e+07,3,8500000,3,7e+06
79,131,0,0,0,0,2636520,7806131,0,0,0,86550197,259615.3846,0,0,31251663,250000,27245711,163461.5385,19226075,134615.3846,807692.3077,588147,3105101,47051760,46244067.69,3,4.2e+07,3,1.8e+07,3,1.8e+07,3,13500000,3,2.5e+07,3,1.3e+07,3,8500000,3,7e+06
80,132,0,0,204975,3074849,3074849,9113011,225472.5,0,0,86539231,259615.3846,0,0,31253515,250000,27243170,163461.5385,19239198,134615.3846,1033164.808,734588,3878480,58767040,57733875.19,3,4.2e+07,3,1.8e+07,3,1.8e+07,3,13500000,3,2.5e+07,3,1.3e+07,3,8500000,3,7e+06
81,133,0,0,246709,3547030,3547030,10505908,271379.9,0,0,86548427,259615.3846,0,0,31245282,250000,27246717,163461.5385,19232716,134615.3846,1079072.208,889032,4679434,71122560,70043487.79,3,4.2e+07,3,1.8e+07,3,1.8e+07,3,13500000,3,2.5e+07,3,1.3e+07,3,8500000,3,7e+06
82,134,395579402,1977725.193,227377,3325597,3325597,9856561,250114.7,423796036,847596.5114,86533601,259615.3846,294326957,1177217.377,31251482,250000,27240503,163461.5385,19230441,134615.3846,5060346.089,1175534,4823830,94042720,88982373.91,3,4.2e+07,3,1.8e+07,3,1.8e+07,3,13500000,3,2.5e+07,3,1.3e+07,3,8500000,3,7e+06
83,135,0,0,244186,3514190,3514190,10416653,268604.6,0,0,86540538,259615.3846,0,0,31249245,250000,27249098,163461.5385,19233570,134615.3846,1076296.908,877810,4629730,70224800,69148503.09,3,4.2e+07,3,1.8e+07,3,1.8e+07,3,13500000,3,2.5e+07,3,1.3e+07,3,8500000,3,7e+06
84,136,368250198,1841105.187,285745,3992257,3992257,11827582,314319.5,394543305,789045.0801,86538040,259615.3846,274005511,1095895.945,31251475,250000,27242645,163461.5385,19231425,134615.3846,4848058.019,1478008,6095611,118240640,113392582,3,4.2e+07,3,1.8e+07,3,1.8e+07,3,13500000,3,2.5e+07,3,1.3e+07,3,8500000,3,7e+06
85,137,0,0,297884,4119077,4119077,12204599,327672.4,0,0,86537966,259615.3846,0,0,31248865,250000,27243563,163461.5385,19226516,134615.3846,1135364.708,1074097,5671776,85927760,84792395.29,3,4.2e+07,3,1.8e+07,3,1.8e+07,3,13500000,3,2.5e+07,3,1.3e+07,3,8500000,3,7e+06
86,138,0,0,306338,4218066,4218066,12498174,336971.8,0,0,86534632,259615.3846,0,0,31244486,250000,27237457,163461.5385,19230747,134615.3846,1144664.108,1105883,5834697,88470640,87325975.89,3,4.2e+07,3,1.8e+07,3,1.8e+07,3,13500000,3,2.5e+07,3,1.3e+07,3,8500000,3,7e+06
87,139,0,0,293470,4077747,4077747,12084487,322817,0,0,86534216,259615.3846,0,0,31238559,250000,27244577,163461.5385,19229594,134615.3846,1130509.308,1062655,5596472,85012400,83881890.69,3,4.2e+07,3,1.8e+07,3,1.8e+07,3,13500000,3,2.5e+07,3,1.3e+07,3,8500000,3,7e+06
88,140,681803585,3409057.759,335180,4535003,4535003,13434518,368698,730497641,1461024.754,86518251,259615.3846,507326100,2029201.047,31242480,250000,27242587,163461.5385,19226668,134615.3846,8075673.867,1813143,7225357,145051440,136975766.1,3,4.2e+07,3,1.8e+07,3,1.8e+07,3,13500000,3,2.5e+07,3,1.3e+07,3,8500000,3,7e+06
89,141,0,0,341907,4612304,4612304,13655051,376097.7,0,0,86542495,259615.3846,0,0,31246474,250000,27246533,163461.5385,19232990,134615.3846,1183790.008,1233114,6503903,98649120,97465329.99,3,4.2e+07,3,1.8e+07,3,1.8e+07,3,13500000,3,2.5e+07,3,1.3e+07,3,8500000,3,7e+06
90,142,681781655,3408907.26,318404,4345447,4345447,12882926,350244.4,730486914,1460960.254,86545090,259615.3846,507283338,2029111.465,31245827,250000,27244880,163461.5385,19234869,134615.3846,8056915.687,1721937,6865490,137754960,129698044.3,3,4.2e+07,3,1.8e+07,3,1.8e+07,3,13500000,3,2.5e+07,3,1.3e+07,3,8500000,3,7e+06
91,143,0,0,0,0,4844986,14354861,0,0,0,86529936,259615.3846,0,0,31245153,250000,27241208,163461.5385,19233041,134615.3846,807692.3077,1303464,6873485,104277120,103469427.7,3,4.2e+07,3,1.8e+07,3,1.8e+07,3,13500000,3,2.5e+07,3,1.3e+07,3,8500000,3,7e+06
92,144,598873755,2994445.997,0,0,5295406,15687735,0,641669746,1283333.999,86541823,259615.3846,445620276,1782408.332,31244707,250000,27244852,163461.5385,19229418,134615.3846,6867880.635,2154794,8638274,172383520,165515639.4,3,4.2e+07,3,1.8e+07,3,1.8e+07,3,13500000,3,2.5e+07,3,1.3e+07,3,8500000,3,7e+06
93,145,0,0,382686,5082391,5082391,15047163,420954.6,0,0,86544567,259615.3846,0,0,31251992,250000,27238677,163461.5385,19238435,134615.3846,1228646.908,1387817,7314068,111025360,109796713.1,3,4.2e+07,3,1.8e+07,3,1.8e+07,3,13500000,3,2.5e+07,3,1.3e+07,3,8500000,3,7e+06
94,146,0,0,450615,5838428,5838428,17294449,495676.5,0,0,86557403,259615.3846,0,0,31251548,250000,27247369,163461.5385,19234199,134615.3846,1303368.808,1633128,8620032,130650240,129346871.2,3,4.2e+07,3,1.8e+07,3,1.8e+07,3,13500000,3,2.5e+07,3,1.3e+07,3,8500000,3,7e+06
95,147,321944053,1609846.761,412039,5400778,5400778,16001513,453242.9,344940574,689934.3263,86536691,259615.3846,239576255,958242.1199,31250263,250000,27243051,163461.5385,19234153,134615.3846,4518958.415,2104256,8775210,168340480,163821521.6,3,4.2e+07,3,1.8e+07,3,1.8e+07,3,13500000,3,2.5e+07,3,1.3e+07,3,8500000,3,7e+06
96,148,491235915,2456238.797,349130,4702111,4702111,13929472,384043,526308935,1052673.77,86532383,259615.3846,365514498,1462046.903,31251677,250000,27240644,163461.5385,19235167,134615.3846,6162694.778,1853148,7505140,148251840,142089145.2,3,4.2e+07,3,1.8e+07,3,1.8e+07,3,13500000,3,2.5e+07,3,1.3e+07,3,8500000,3,7e+06
97,149,5804394,29005.25734,428395,5595990,5595990,16571297,471234.5,6218240,12430.82458,86544590,259615.3846,4317979,17265.03413,31251839,250000,27241441,163461.5385,19233513,134615.3846,1337627.924,1579823,8243933,126385840,125048212.1,3,4.2e+07,3,1.8e+07,3,1.8e+07,3,13500000,3,2.5e+07,3,1.3e+07,3,8500000,3,7e+06
98,150,605471966,3027323.74,486292,6246629,6246629,18499855,534921.2,648697547,1297424.46,86537081,259615.3846,450506321,1801978.417,31254141,250000,27246016,163461.5385,19224810,134615.3846,7469340.125,2634826,10535419,210786080,203316739.9,3,4.2e+07,3,1.8e+07,3,1.8e+07,3,13500000,3,2.5e+07,3,1.3e+07,3,8500000,3,7e+06
99,151,400251072,2001227.681,381073,5061389,5061389,14994196,419180.3,428845874,857669.0062,86555140,259615.3846,297811980,1191206.953,31250675,250000,27243075,163461.5385,19229655,134615.3846,5276976.248,1987763,8157730,159021040,153744063.8,3,4.2e+07,3,1.8e+07,3,1.8e+07,3,13500000,3,2.5e+07,3,1.3e+07,3,8500000,3,7e+06
100,152,0,0,506991,6468508,6468508,19161471,557690.1,0,0,86544505,259615.3846,0,0,31254169,250000,27247750,163461.5385,19225266,134615.3846,1365382.408,1844313,9711896,147545040,146179657.6,3,4.2e+07,3,1.8e+07,3,1.8e+07,3,13500000,3,2.5e+07,3,1.3e+07,3,8500000,3,7e+06
101,153,189222408,946322.4347,442311,5755221,5755221,17044783,486542.1,202803653,405566.7577,86520226,259615.3846,140851114,563287.1635,31247664,250000,27242040,163461.5385,19224293,134615.3846,3209410.764,2122282,9274714,169782560,166573149.2,3,4.2e+07,3,1.8e+07,3,1.8e+07,3,13500000,3,2.5e+07,3,1.3e+07,3,8500000,3,7e+06
102,154,398697563,1993375.645,520568,6629075,6629075,19642041,572624.8,427111105,854303.848,86546662,259615.3846,296632000,1186533.122,31248737,250000,27244448,163461.5385,19232688,134615.3846,5414529.723,2729849,11188080,218387920,212973390.3,3,4.2e+07,3,1.8e+07,3,1.8e+07,3,13500000,3,2.5e+07,3,1.3e+07,3,8500000,3,7e+06
103,155,0,0,449084,5816415,5816415,17229320,493992.4,0,0,86535947,259615.3846,0,0,31249995,250000,27245795,163461.5385,19219954,134615.3846,1301684.708,1629309,8592158,130344720,129043035.3,3,4.2e+07,3,1.8e+07,3,1.8e+07,3,13500000,3,2.5e+07,3,1.3e+07,3,8500000,3,7e+06
104,156,617322993,3086426.19,0,0,6618808,19607549,0,661346427,1322754.081,86533589,259615.3846,459282977,1837158.446,31258233,250000,27237827,163461.5385,19232387,134615.3846,7054031.025,2802754,11215261,224220320,217166289,3,4.2e+07,3,1.8e+07,3,1.8e+07,3,13500000,3,2.5e+07,3,1.3e+07,3,8500000,3,7e+06
105,157,0,0,0,0,7740322,17211261,0,0,0,115387671,346153.8462,0,0,32451434,259615.3846,28198013,169230.7692,19777240,138461.5385,913461.5385,1652739,8609900,132219120,131305658.5,4,45500000,4,2.4e+07,4,1.9e+07,4,1.8e+07,4,2.6e+07,4,13500000,4,8800000,4,7200000
106,158,1240640697,6203374.105,682936,8715519,8715519,19370210,751229.6,1295209642,2590419.956,115376438,346153.8462,886232377,3544785.203,32459392,259615.3846,28207115,169230.7692,19786755,138461.5385,14003270.4,2931427,11355236,234514160,220510889.6,4,45500000,4,2.4e+07,4,1.9e+07,4,1.8e+07,4,2.6e+07,4,13500000,4,8800000,4,7200000
107,159,0,0,672470,8605804,8605804,19121780,739717,0,0,115385664,346153.8462,0,0,32444017,259615.3846,28208477,169230.7692,19782325,138461.5385,1653178.538,1877992,9791664,150239360,148586181.5,4,45500000,4,2.4e+07,4,1.9e+07,4,1.8e+07,4,2.6e+07,4,13500000,4,8800000,4,7200000
108,160,494915121,2474555.789,585396,7609320,7609320,16909898,643935.6,516685206,1033330.989,115379319,346153.8462,353493856,1414031.879,32445512,259615.3846,28204645,169230.7692,19782061,138461.5385,6479315.795,2374593,9546143,189967440,183488124.2,4,45500000,4,2.4e+07,4,1.9e+07,4,1.8e+07,4,2.6e+07,4,13500000,4,8800000,4,7200000
109,161,0,0,670971,8594536,8594536,19101889,738068.1,0,0,115353788,346153.8462,0,0,32448086,259615.3846,28209706,169230.7692,19780935,138461.5385,1651529.638,1880382,9776804,150430560,148779030.4,4,45500000,4,2.4e+07,4,1.9e+07,4,1.8e+07,4,2.6e+07,4,13500000,4,8800000,4,7200000
110,162,158192985,790827.6707,754721,9504684,9504684,21117571,830193.1,165116677,330235.7306,115363046,346153.8462,112974797,451901.5261,32457544,259615.3846,28213343,169230.7692,19777457,138461.5385,3316619.566,2694225,11900482,215538000,212221380.4,4,45500000,4,2.4e+07,4,1.9e+07,4,1.8e+07,4,2.6e+07,4,13500000,4,8800000,4,7200000
111,163,165508870,827587.6669,743041,9396667,9396667,20881830,817345.1,172796977,345586.0587,115377657,346153.8462,118230831,472907.2382,32458554,259615.3846,28211754,169230.7692,19778606,138461.5385,3376887.602,2678159,11777986,214252720,210875832.4,4,45500000,4,2.4e+07,4,1.9e+07,4,1.8e+07,4,2.6e+07,4,13500000,4,8800000,4,7200000
112,164,0,0,681358,8688645,8688645,19313972,749493.8,0,0,115389446,346153.8462,0,0,32448622,259615.3846,28203511,169230.7692,19777206,138461.5385,1662955.338,1902652,9915522,152212160,150549204.7,4,45500000,4,2.4e+07,4,1.9e+07,4,1.8e+07,4,2.6e+07,4,13500000,4,8800000,4,7200000
113,165,8628891,43155.43693,662829,8485080,8485080,18854757,729111.9,9006927,18020.95169,115372327,346153.8462,6169667,24660.24968,32449515,259615.3846,28216871,169230.7692,19780035,138461.5385,1728410.077,1891915,9717147,151353200,149624789.9,4,45500000,4,2.4e+07,4,1.9e+07,4,1.8e+07,4,2.6e+07,4,13500000,4,8800000,4,7200000
114,166,104625715,523235.567,754362,9531538,9531538,21183303,829798.2,109242293,218493.973,115378282,346153.8462,74747909,298991.7526,32454537,259615.3846,28205649,169230.7692,19782997,138461.5385,2783981.031,2560328,11750576,204826240,202042259,4,45500000,4,2.4e+07,4,1.9e+07,4,1.8e+07,4,2.6e+07,4,13500000,4,8800000,4,7200000
115,167,0,0,644691,8284889,8284889,18406523,709160.1,0,0,115382572,346153.8462,0,0,32453531,259615.3846,28202426,169230.7692,19773560,138461.5385,1622621.638,1800434,9372574,144034720,142412098.4,4,45500000,4,2.4e+07,4,1.9e+07,4,1.8e+07,4,2.6e+07,4,13500000,4,8800000,4,7200000
116,168,192962364,964775.0035,509041,6767175,6767175,15030764,559945.1,201428500,402873.0784,115394428,346153.8462,137822375,551300.002,32449585,259615.3846,28207978,169230.7692,19775239,138461.5385,3392354.722,1860294,8074565,148823520,145431165.3,4,45500000,4,2.4e+07,4,1.9e+07,4,1.8e+07,4,2.6e+07,4,13500000,4,8800000,4,7200000
117,169,0,0,0,0,7180427,15961991,0,0,0,115391342,346153.8462,0,0,32462606,259615.3846,28221756,169230.7692,19777514,138461.5385,913461.5385,1513001,7878720,121040080,120126618.5,4,45500000,4,2.4e+07,4,1.9e+07,4,1.8e+07,4,2.6e+07,4,13500000,4,8800000,4,7200000
118,170,89348617,446792.0264,0,0,6734155,14959812,0,93297654,186572.4945,115398034,346153.8462,63820105,255309.7294,32454914,259615.3846,28203167,169230.7692,19775712,138461.5385,1802135.789,1664949,7742726,133195920,131393784.2,4,45500000,4,2.4e+07,4,1.9e+07,4,1.8e+07,4,2.6e+07,4,13500000,4,8800000,4,7200000
119,171,0,0,459422,6184636,6184636,13740560,505364.2,0,0,115377670,346153.8462,0,0,32446877,259615.3846,28212824,169230.7692,19778464,138461.5385,1418825.738,1273259,6637675,101860720,100441894.3,4,45500000,4,2.4e+07,4,1.9e+07,4,1.8e+07,4,2.6e+07,4,13500000,4,8800000,4,7200000
120,172,368428218,1842050.297,468757,6304258,6304258,14011546,515632.7,384599632,769207.8164,115406650,346153.8462,263146065,1052600.17,32451738,259615.3846,28208627,169230.7692,19784299,138461.5385,5092952.522,1848580,7588923,147886400,142793447.5,4,45500000,4,2.4e+07,4,1.9e+07,4,1.8e+07,4,2.6e+07,4,13500000,4,8800000,4,7200000
121,173,0,0,425772,5826145,5826145,12945261,468349.2,0,0,115394418,346153.8462,0,0,32457885,259615.3846,28210137,169230.7692,19777704,138461.5385,1381810.738,1183206,6172456,94656480,93274669.26,4,45500000,4,2.4e+07,4,1.9e+07,4,1.8e+07,4,2.6e+07,4,13500000,4,8800000,4,7200000
122,174,599387605,2997041.036,357028,5034749,5034749,11188574,392730.8,625741951,1251511.642,115392309,346153.8462,428147313,1712594.878,32453558,259615.3846,28195802,169230.7692,19780135,138461.5385,7267339.894,1451273,5796088,116101840,108834500.1,4,45500000,4,2.4e+07,4,1.9e+07,4,1.8e+07,4,2.6e+07,4,13500000,4,8800000,4,7200000
123,175,0,0,375573,5244355,5244355,11651463,413130.3,0,0,115396011,346153.8462,0,0,32451448,259615.3846,28197722,169230.7692,19775623,138461.5385,1326591.838,1037325,5419678,82986000,81659408.16,4,45500000,4,2.4e+07,4,1.9e+07,4,1.8e+07,4,2.6e+07,4,13500000,4,8800000,4,7200000
124,176,521993389,2610095.749,369640,5185113,5185113,11527919,406604,544952843,1089930.093,115385368,346153.8462,372855350,1491483.285,32463326,259615.3846,28198642,169230.7692,19775974,138461.5385,6511574.666,1497106,6010427,119768480,113256905.3,4,45500000,4,2.4e+07,4,1.9e+07,4,1.8e+07,4,2.6e+07,4,13500000,4,8800000,4,7200000
125,177,0,0,385999,5365508,5365508,11923948,424598.9,0,0,115379044,346153.8462,0,0,32454569,259615.3846,28203773,169230.7692,19773510,138461.5385,1338060.438,1067434,5573661,85394720,84056659.56,4,45500000,4,2.4e+07,4,1.9e+07,4,1.8e+07,4,2.6e+07,4,13500000,4,8800000,4,7200000
126,178,338796676,1693873.404,305680,4470891,4470891,9931054,336248,353665912,707331.7511,115381175,346153.8462,241990289,967927.6595,32452751,259615.3846,28210873,169230.7692,19772391,138461.5385,4618842.353,1187558,4904969,95004640,90385797.65,4,45500000,4,2.4e+07,4,1.9e+07,4,1.8e+07,4,2.6e+07,4,13500000,4,8800000,4,7200000
127,179,0,0,354374,5011087,5011087,11137222,389811.4,0,0,115389458,346153.8462,0,0,32454714,259615.3846,28202205,169230.7692,19770612,138461.5385,1303272.938,978595,5105643,78287600,76984327.06,4,45500000,4,2.4e+07,4,1.9e+07,4,1.8e+07,4,2.6e+07,4,13500000,4,8800000,4,7200000
128,180,0,0,314719,4564782,4564782,10150070,346190.9,0,0,115388130,346153.8462,0,0,32438823,259615.3846,28210885,169230.7692,19777576,138461.5385,1259652.438,868323,4530849,69465840,68206187.56,4,45500000,4,2.4e+07,4,1.9e+07,4,1.8e+07,4,2.6e+07,4,13500000,4,8800000,4,7200000
129,181,0,0,310891,4518167,4518167,10040994,341980.1,0,0,115384797,346153.8462,0,0,32452672,259615.3846,28207640,169230.7692,19775477,138461.5385,1255441.638,855199,4466253,68415920,67160478.36,4,45500000,4,2.4e+07,4,1.9e+07,4,1.8e+07,4,2.6e+07,4,13500000,4,8800000,4,7200000
130,182,271002085,1355106.087,0,0,4465846,9920943,0,282949371,565868.4759,115387220,346153.8462,193563432,774346.3354,32457559,259615.3846,28204870,169230.7692,19776421,138461.5385,3608782.437,1149137,4829105,91930960,88322177.56,4,45500000,4,2.4e+07,4,1.9e+07,4,1.8e+07,4,2.6e+07,4,13500000,4,8800000,4,7200000
131,183,0,0,0,0,4776401,10612648,0,0,0,115414947,346153.8462,0,0,32452863,259615.3846,28213639,169230.7692,19777181,138461.5385,913461.5385,914143,4769115,73131440,72217978.46,4,45500000,4,2.4e+07,4,1.9e+07,4,1.8e+07,4,2.6e+07,4,13500000,4,8800000,4,7200000
132,184,0,0,267862,4041220,4041220,8984448,294648.2,0,0,115383108,346153.8462,0,0,32455974,259615.3846,28202271,169230.7692,19779592,138461.5385,1208109.738,737766,3847909,59021280,57813170.26,4,45500000,4,2.4e+07,4,1.9e+07,4,1.8e+07,4,2.6e+07,4,13500000,4,8800000,4,7200000
133,185,184748517,923752.6123,297115,4369894,4369894,9707767,326826.5,192893846,385742.8491,115399720,346153.8462,131970145,527858.6356,32451311,259615.3846,28200671,169230.7692,19778229,138461.5385,3077642.135,1070138,4663146,85611040,82533397.86,4,45500000,4,2.4e+07,4,1.9e+07,4,1.8e+07,4,2.6e+07,4,13500000,4,8800000,4,7200000
134,186,0,0,314396,4570335,4570335,10154344,345835.6,0,0,115381254,346153.8462,0,0,32453367,259615.3846,28197429,169230.7692,19774072,138461.5385,1259297.138,870372,4534885,69629760,68370462.86,4,45500000,4,2.4e+07,4,1.9e+07,4,1.8e+07,4,2.6e+07,4,13500000,4,8800000,4,7200000
135,187,455442920,2277136.036,347959,4944252,4944252,10986852,382754.9,475444096,950891.9709,115375580,346153.8462,325300031,1301220.592,32454849,259615.3846,28204146,169230.7692,19773985,138461.5385,5825465.037,1391814,5634984,111345120,105519655,4,45500000,4,2.4e+07,4,1.9e+07,4,1.8e+07,4,2.6e+07,4,13500000,4,8800000,4,7200000
136,188,0,0,309431,4511957,4511957,10024758,340374.1,0,0,115374707,346153.8462,0,0,32452656,259615.3846,28214287,169230.7692,19784060,138461.5385,1253835.638,853081,4455514,68246480,66992644.36,4,45500000,4,2.4e+07,4,1.9e+07,4,1.8e+07,4,2.6e+07,4,13500000,4,8800000,4,7200000
137,189,11914503,59565.09201,329353,4727762,4727762,10502744,362288.3,12435418,24873.33512,115383575,346153.8462,8511580,34037.19543,32451386,259615.3846,28201621,169230.7692,19781788,138461.5385,1394225.461,934240,4784521,74739200,73344974.54,4,45500000,4,2.4e+07,4,1.9e+07,4,1.8e+07,4,2.6e+07,4,13500000,4,8800000,4,7200000
138,190,78166534,390817.9923,359347,5078042,5078042,11285070,395281.7,81614860,163198.7221,115384318,346153.8462,55829408,223324.567,32458135,259615.3846,28198669,169230.7692,19783808,138461.5385,2086084.52,1163137,5478892,93050960,90964875.48,4,45500000,4,2.4e+07,4,1.9e+07,4,1.8e+07,4,2.6e+07,4,13500000,4,8800000,4,7200000
139,191,0,0,377024,5277657,5277657,11733379,414726.4,0,0,115411211,346153.8462,0,0,32452105,259615.3846,28204582,169230.7692,19781066,138461.5385,1328187.938,1045985,5453465,83678800,82350612.06,4,45500000,4,2.4e+07,4,1.9e+07,4,1.8e+07,4,2.6e+07,4,13500000,4,8800000,4,7200000
140,192,290462814,1452437.589,419205,5761391,5761391,12804877,461125.5,303261620,606512.3997,115397392,346153.8462,207516529,829964.3364,32450261,259615.3846,28199932,169230.7692,19775821,138461.5385,4263501.363,1613486,6747227,129078880,124815378.6,4,45500000,4,2.4e+07,4,1.9e+07,4,1.8e+07,4,2.6e+07,4,13500000,4,8800000,4,7200000
141,193,0,0,423955,5803943,5803943,12897821,466350.5,0,0,115394176,346153.8462,0,0,32447715,259615.3846,28210075,169230.7692,19782003,138461.5385,1379812.038,1177136,6136771,94170880,92791067.96,4,45500000,4,2.4e+07,4,1.9e+07,4,1.8e+07,4,2.6e+07,4,13500000,4,8800000,4,7200000
142,194,547176346,2735847.316,464798,6251263,6251263,13892975,511277.8,571224756,1142441.736,115390126,346153.8462,390864364,1563341.324,32451495,259615.3846,28206237,169230.7692,19784916,138461.5385,6866369.715,1892646,7578415,151411680,144545310.3,4,45500000,4,2.4e+07,4,1.9e+07,4,1.8e+07,4,2.6e+07,4,13500000,4,8800000,4,7200000
143,195,0,0,0,0,6197114,13768244,0,0,0,115376594,346153.8462,0,0,32446919,259615.3846,28205801,169230.7692,19782502,138461.5385,913461.5385,1267892,6601242,101431360,100517898.5,4,45500000,4,2.4e+07,4,1.9e+07,4,1.8e+07,4,2.6e+07,4,13500000,4,8800000,4,7200000
144,196,494307680,2471364.465,0,0,7235441,16076098,0,516020320,1031998.348,115401898,346153.8462,353050175,1412208.266,32446212,259615.3846,28198350,169230.7692,19783084,138461.5385,5829032.618,2227204,8946110,178176320,172347287.4,4,45500000,4,2.4e+07,4,1.9e+07,4,1.8e+07,4,2.6e+07,4,13500000,4,8800000,4,7200000
145,197,0,0,497839,6640960,6640960,14760660,547622.9,0,0,115376374,346153.8462,0,0,32452211,259615.3846,28210473,169230.7692,19777109,138461.5385,1461084.438,1386159,7236869,110892720,109431635.6,4,45500000,4,2.4e+07,4,1.9e+07,4,1.8e+07,4,2.6e+07,4,13500000,4,8800000,4,7200000
146,198,654358786,3271665.992,581140,7572739,7572739,16826789,639254,683080212,1366190.195,115403766,346153.8462,467351271,1869523.424,32454698,259615.3846,28197827,169230.7692,19788377,138461.5385,8060095.149,2409340,9548620,192747200,184687104.9,4,45500000,4,2.4e+07,4,1.9e+07,4,1.8e+07,4,2.6e+07,4,13500000,4,8800000,4,7200000
147,199,0,0,596836,7741845,7741845,17204261,656519.6,0,0,115385501,346153.8462,0,0,32445222,259615.3846,28197506,169230.7692,19771810,138461.5385,1569981.138,1664637,8667380,133170960,131600978.9,4,45500000,4,2.4e+07,4,1.9e+07,4,1.8e+07,4,2.6e+07,4,13500000,4,8800000,4,7200000
148,200,786165577,3930830.632,640303,8235570,8235570,18300602,704333.3,820721704,1641445.758,115398940,346153.8462,561519998,2246188.933,32457165,259615.3846,28208499,169230.7692,19780560,138461.5385,9436260.162,2684338,10562235,214747040,205310779.8,4,45500000,4,2.4e+07,4,1.9e+07,4,1.8e+07,4,2.6e+07,4,13500000,4,8800000,4,7200000
149,201,0,0,772029,9694856,9694856,21544093,849231.9,0,0,115373566,346153.8462,0,0,32449788,259615.3846,28201665,169230.7692,19770980,138461.5385,1762693.438,2154311,11224717,172344880,170582186.6,4,45500000,4,2.4e+07,4,1.9e+07,4,1.8e+07,4,2.6e+07,4,13500000,4,8800000,4,7200000
150,202,632437711,3162287.235,757806,9568870,9568870,21262720,833586.6,660257585,1320515.549,115381398,346153.8462,451743334,1807021.277,32450441,259615.3846,28199565,169230.7692,19783031,138461.5385,8036872.2,3147715,12496370,251817200,243780327.8,4,45500000,4,2.4e+07,4,1.9e+07,4,1.8e+07,4,2.6e+07,4,13500000,4,8800000,4,7200000
151,203,0,0,746188,9435208,9435208,20962365,820806.8,0,0,115394392,346153.8462,0,0,32460000,259615.3846,28205959,169230.7692,19777055,138461.5385,1734268.338,2088920,10879715,167113600,165379331.7,4,45500000,4,2.4e+07,4,1.9e+07,4,1.8e+07,4,2.6e+07,4,13500000,4,8800000,4,7200000
152,204,0,0,721147,9142554,9142554,20323207,793261.7,0,0,115395970,346153.8462,0,0,32442398,259615.3846,28206541,169230.7692,19783470,138461.5385,1706723.238,2018045,10514491,161443600,159736876.8,4,45500000,4,2.4e+07,4,1.9e+07,4,1.8e+07,4,2.6e+07,4,13500000,4,8800000,4,7200000
153,205,156754614,783825.3984,724386,9184508,9184508,20410430,796824.6,163666483,327311.7048,115394817,346153.8462,111984526,447900.2276,32451038,259615.3846,28210752,169230.7692,19778790,138461.5385,3269323.469,2592493,11450455,207399440,204130116.5,4,45500000,4,2.4e+07,4,1.9e+07,4,1.8e+07,4,2.6e+07,4,13500000,4,8800000,4,7200000
154,206,0,0,762744,9632408,9632408,21402180,839018.4,0,0,115393182,346153.8462,0,0,32455803,259615.3846,28215923,169230.7692,19777078,138461.5385,1752479.938,2137161,11142143,170972880,169220400.1,4,45500000,4,2.4e+07,4,1.9e+07,4,1.8e+07,4,2.6e+07,4,13500000,4,8800000,4,7200000
155,207,253600339,1267999.8,730533,9269387,9269387,20594547,803586.3,264775670,529494.422,115409458,346153.8462,181152163,724571.3143,32456896,259615.3846,28202863,169230.7692,19779295,138461.5385,4239113.375,2790037,11783259,223202960,218963846.6,4,45500000,4,2.4e+07,4,1.9e+07,4,1.8e+07,4,2.6e+07,4,13500000,4,8800000,4,7200000
156,208,0,0,0,0,8069187,17925331,0,0,0,115395160,346153.8462,0,0,32448801,259615.3846,28213080,169230.7692,19781610,138461.5385,913461.5385,1730907,9018035,138472560,137559098.5,4,45500000,4,2.4e+07,4,1.9e+07,4,1.8e+07,4,2.6e+07,4,13500000,4,8800000,4,7200000